content,link
今天在澡堂，洗得正爽，看见旁边有一个大叔跳着很潇洒的舞步，那风姿，看的我都眼红了。不禁也跟着跳了起来，可是怎么学也找不到那种洒脱的感觉，最后只好上前去问。大叔也不做声，默默地走过来，把我的水温调到了最高！,http://www.budejie.com/detail-19559479.html
"医院的重护病房前，传来医生宣布死亡的声音。
“马面，这次好像是个六岁的小鬼。”牛头在窗前望里凑了一眼。
“不是吧？”马面抱怨，“又是孩子，再这样被发现很丢面子的！”
“趁着没被看见，速度一点！”
马面撅着嘴不情愿的趴在地上，衣服逐渐消失，手化成了蹄子。。。直至完全变成了一匹马。牛头一转身变成普通人样。
他牵着马面走进病房，看着小朋友温柔的说：
“小朋友，想不想骑马玩啊？”",http://www.budejie.com/detail-26925850.html
"我家住12楼，李阿姨家住四楼，我们两家并不是太熟悉，可自从李阿姨的儿子七月份大学毕业回来她就一直往我们家送东西，什么刚摘的葡萄啦，什么旅游回来带的特产啦之类的…我和家人都心照不宣了，李阿姨肯定是讨好我让我做他的儿媳妇……
今天李阿姨又来了，在家里坐了一会，犹犹豫豫的说：“那个，你们家的小泰迪快生了吧？我儿子特别喜欢小狗，能不能送我们一只？",http://www.budejie.com/detail-15455672.html
今天上课正瞌睡呢，忽然听到老师说：星期六郊游。一听到，我立马坐起来高兴地说太好了！全班同学惊讶的看着我，老师继续淡定的说，一共有35人，一辆车载15人，共需要几辆车？,http://www.budejie.com/detail-26899185.html
"学学猫吧，女孩子们，撒娇的时候嗷呜嗷呜的喵几句，就算生气也是小爪子软软的打在人家身上，一点也不疼，男孩子就吃这一套，就会对这样的女孩子好。
你再看看你，什么玩意，一生气地动山摇，撒个娇都气吞山河的，谁TM喜欢你。",http://www.budejie.com/detail-26881828.html
说起娶老婆我就来气。当初我刚考了驾照，准备买个二手车，一辆奥迪Q5。车主是个女的，车买了之后，也不知怎么的一来二去，车主成了我的女朋友。过了几个月，爸妈和丈母娘催得紧，我们就结婚了。结婚后，车还是她在开，我还是没车开。现在怎么想我都觉得我好像吃亏了。。。,http://www.budejie.com/detail-24335504.html
去河北出差，单位统一在酒店吃自助餐，我发现一种西红柿汤很好喝，遂邀请每个同事都去舀一碗来喝，等我去盛第二碗的时候发现已经见底了，而且底下全是面条，一大叔端着一碗干面幽怨的看着我说：姑娘别喝了，留点卤吧。,http://www.budejie.com/detail-26917840.html
"表妹要来我家住几天，我和女友商量一番后，决定让表妹住进来，表妹在隔壁房间。那天晚上，我女友加班，我表妹在房间玩手机。我摇到一个16岁的同城女孩，离得也很近。我：“约吗，出去吃个饭。”女孩：“你女友知道吗？”我：“我女友不知道啊。”女孩：“她不知道，知道以后她会生气的.""我：“她加班去了。”女孩：“好，那你来找我吧。”我：“你在哪，我接你去。”女孩：“表哥，我就在隔壁房间，你来吧。”",http://www.budejie.com/detail-26924895.html
半夜，突然有火警声想起，老公抱着枕头就冲了出去！我淡定的起身跟女儿说道：“把手机声关掉吧，我已经知道你老爸钱藏什么地方了...”,http://www.budejie.com/detail-26735131.html
结婚三年了，孩子皮肤越长越黑，可是我和老婆都是南方人，皮肤也挺白，怎么可能会生了一个黑皮肤的女儿？昨天老婆和我说可能是她怀孕的时候吃酱油吃多了，孩子才变黑的，我回忆了一下也是哈，老婆美国留学的时候就养成了吃酱油的习惯，是真的。,http://www.budejie.com/detail-26906444.html
当年高二不懂事，犯错被班主任叫去了办公室，结果吵起来了，然后我火大居然把班主任揍了……结果被保卫科的人带去了校长办公室，校长要开除我……没想到我班主任 说：“青春期的孩子，很正常，开除就算了认真的做个检讨吧”我都惊呆了……后来，我毕业考上大学之后到现在，每年我都要去拿着东西我班主任家里坐坐，不为别的，就是感谢了他给了一个青春期混蛋一次机会……,http://www.budejie.com/detail-26916651.html
"“老板你别误会呀！老板娘一直都是高高在上的，我哪里还敢有非分的想法呢！”
“啥？！你告诉我高高是谁！”",http://www.budejie.com/detail-26921956.html
上次在地铁里，我到站了，站起来准备下车。这时候刚上来的一个妹子以为我在给她让座，连忙对我说谢谢谢谢。呃。。。。。为了证明我就是在给她让座，我就多做了几站。。。然后做反方向又回去了。。。。。,http://www.budejie.com/detail-26900666.html
高中有一次周一升旗迟到了，着急去操场，跑的比较快，楼梯口拐弯的时候不小心摔倒了，看看四下无人，站起来拍拍衣服上的土就继续跑。到了操场上，发现校长已经开始讲话了，正准备溜进班级队伍的时候，校长画风一转说：“刚跑过来的那个同学你等一下！大家看这名同学，刚才我在监控室清楚的看到，她为了着急参加升旗仪式 在楼梯口摔得四脚朝天，但她没犹豫，站起来拍拍土就来了！我们为她这种精神鼓掌......”,http://www.budejie.com/detail-26742667.html
去姐家蹭饭，蒸螃蟹，姐夫夹了一个给我。四岁的小外甥女：”爸爸你吃“。”爸爸不吃，留给小姨和宝宝吃“。小外甥女：”爸爸你不能这样，你要对自己好一点，你天天跟牛似的还不吃饭，你累死了，会有别的叔叔花你的钱，住你的房子，睡你的老婆，打你的宝宝的！吃！赶紧吃！”,http://www.budejie.com/detail-17148824.html
"“我是一名摄影师，日常的工作就是为模特拍照。
由于生理上的冲动，我经常和模特发生关系，
但我知道没有一个是真爱，
因为除了那个我们几乎没什么共同语言。
所以希望今天在这里，能够找到真爱。”
“男嘉宾我欣赏你的坦白，请问你现在哪里工作？”
“哦，在萌宠摄影中心。”",http://www.budejie.com/detail-18217861.html
那天我刚下火车遇到过一个少女，长相属于比较甜美的，拖着个卡哇伊的旅行包，她看到我，然后轻声细语的说，大哥，借我7块钱吃饭吧，钱包手机丢了，我就给了她10块，就准备走，她居然拉着我，说我听错了，是70块，嗯？这是要吃海鲜去？我二话不说在她手里把那10块拿走，留下她独自在风中凌乱,http://www.budejie.com/detail-26914995.html
我正在家里换衣服，老公突然从外面回来看见我的时候立马问人呢？我疑惑的问：“什么人？我不是说不用你送我了吗？我自己可以的。”老公压根没理会我说的话，床底下，衣柜都找了一次，就连厨房的冰箱都没有放过，然后坐在沙发上思考着什么，我换好衣服后跟他说：“我先走了，再不走赶不上飞机了”老公冷静了一下对我说：“老婆，其实我是回来送你的”说完帮我拿着我的超大号行李箱往楼下走，到楼下的时候气喘吁吁的。,http://www.budejie.com/detail-26919689.html
一个男人牵着一头母牛和一头小牛走山路，路上遇到了山贼，山贼抢走了男人的所有财物和那头母牛，脱光了男人所有衣服把男人绑在了树上，又把小牛也拴在了树上。三天后，路过的好心人把男人放了下来，男人马上拿起一根棒子对小牛一顿暴打，一边打一边说：“我特么告诉你多少遍了我不是你妈，我不是你妈，你就是不听。”,http://www.budejie.com/detail-26917864.html
楼主女汉子一枚，小时候跟弟弟打架，甭管什么原因，妈妈揍的人一定是我。有一天我实在是想不通，就跑到外婆家告状：“为啥妈妈总是偏袒弟弟？”外婆摸着我的头说：“妮儿，因为你弟弟站着尿尿。”回到家后，我苦练了三个月，然后就放弃了……不是我没恒心，是老师不让我进教室，说我身上的味太大！,http://www.budejie.com/detail-26839992.html
"昨天家庭聚餐，又是老生常谈，关心我找对象的事，我笑笑不敢接话，姐姐问我：“想找个什么样子的？”
我放下筷子说：“找个帅的，对我好的，有车有房有存款的，还得孝顺父母的。。。”
这时侯小外甥插话说：“小姨，你这是看上我爸爸了吗？”",http://www.budejie.com/detail-26926391.html
刚结婚不爱干净，一条内裤能穿一月，臭了才换，媳妇唠叨也没用，不听她的，后来她趁我不注意，用手铐把我反铐起来，把我内裤脱下来套我头上，整整两个小时啊，这酸爽的滋味我是一辈子都不想再闻了，从此以后，老老实实的听老婆的话。,http://www.budejie.com/detail-26923352.html
两口子在一个单位并不是什么好事，这不，昨天发工资，男同事刚到财会室，管财务的妹子就问:你来干什么？工资已经被你媳妇领走了。。男同事强颜欢笑说:我就不能来逛逛吗？,http://www.budejie.com/detail-26925912.html
小时候老师教育我们说做人知道感恩，最先就要对父母说出来。我当着父母的面不好意思说出口，直到有天老爸喝醉了酒，躺床上呼呼大睡，我赶紧跪在床前重重磕了三个头。站起来，永远忘不了身后老妈一脸错愕的表情……,http://www.budejie.com/detail-26933653.html
儿子在沙发上拨弄他的小丁，时而眉头紧锁，时而低声呓语。我心里咯噔一下，这熊孩子不会是想跟那块儿肉过不去吧？我关切的问：“儿砸，你没事老拨弄它干啥？”儿子满脸疑惑的说：“我总感觉它还有别的用处。”,http://www.budejie.com/detail-26895913.html
"问她为什么包里总带着把伞，她说因为下雨的时候没有谁来送伞，也没有谁陪淋雨。
不带伞的话，站也不是走也不是，像个可怜的笑话。",http://www.budejie.com/detail-26923998.html
"熬夜的坏处：起痘痘、皮肤变暗、黑眼圈、发胖、脱发、便秘、高血压、抑郁症、不长个子、月经不调、体力下降、反应迟钝、平胸。
熬夜的好处：爽。",http://www.budejie.com/detail-25650584.html
从前有一位美人鱼爱上了人类的王子。为了见到王子她找到了巫婆，巫婆给了她一瓶魔药，警告她喝下去可能变成泡沫，但美人鱼还是毫不犹豫的喝了下去。慢慢的，她看见自己身边升起了很多泡沫，她抬起头也见到了自己的王子，只见王子深情的看着她说：“哎，水开了，服务员这鱼再加点酸菜呗！”,http://www.budejie.com/detail-24865343.html
"公司聚餐，可以带另一半，我弱弱的说：“我能带别人老公吗？”
公司同事顿时惊呆了，老总说按理说公司不应该管你的私人问题，不过还是提醒一下，别玩火自焚。
“哦，就这一次，”然后拿起手机拨通电话：“爸，老妈不在家，你自己别做饭了，公司聚餐，你过来吃吧。”",http://www.budejie.com/detail-26919119.html
以前在一个小公司，才15个人。 但是气氛很融洽，老板和员工都像朋友，经常K歌吃饭什么的。一天因为公司资金周转不过来，老板沉痛地跟大家说要散伙了。结果前台MM不高兴了，说这是自己呆着最开心的地方。然后，她跟她老爸打了个电话，就把公司买下来了……,http://www.budejie.com/detail-23798589.html
我经常幻想我被坏人捉走关到一个地下室里，每天给我一点菜叶子吃，让我不停的跑步，做俯卧撑，准备过一个月狠毒的杀死瘦弱的没有反抗能力的我。29天后，政府捉住了坏人，捣毁了组织，120斤的我被救了出来，政府还发给我1000万心灵损失费，于是我就这样变得又瘦又有钱。,http://www.budejie.com/detail-24583897.html
和男票吃完饭出去散步，对面走过来一对情侣，女孩子从后面一下子跳到男的背上撒娇让他背，感觉好浪漫啊！我心痒痒也要试试，于是我偷偷绕到男票身后，一下子扑了上去，结果...结果...尼玛都十分钟了他还没醒！,http://www.budejie.com/detail-26927611.html
一同学来深圳多年几乎没干过正事，靠坑蒙拐骗竟买了两套房。近日查出得了重病，较了解的都说是报应，可也有同学在微信圈发起捐款。姐夫们说一下，同样在深圳打工多年依然租房住的我要捐么?,http://www.budejie.com/detail-26926635.html
"和男朋友在车里聊天，他们经理打电话过来，（特别讨厌他们经理，总在下班时间让我男朋友回去干活）男朋友接通电话：哥，有事您说。
还没等他们经理说话，我先假装呻吟了几句，然后说：怎么了，别停嘛，快点啦……他们经理沉默几秒，说：早点休息啊，要不明天上班没精神。明天早上可以晚点到，不算你迟到……男朋友拿着手机木讷的看着我，我一副和我没关系的样子。
开门，下车，回宿舍睡觉，留男朋友一个人在车里懵逼…",http://www.budejie.com/detail-26233076.html
"我和儿子有个共同的心愿，出国旅游。昨天儿子考试得了全班第一，我跟媳妇合计着带他出国见见世面，吃晚饭的时候……
我：“儿子，你的心愿是什么？”
儿子：“吃汉堡包”
我：“往大了说。”
儿子：“变形金刚”
我：“今天你爹说了算，想想，咱俩共同的心愿。”
儿子怯生生的瞅了媳妇一眼说：“换个妈？”",http://www.budejie.com/detail-26805621.html
在哥们家吃饭，忽然停电了，哥们说去买蜡烛，走到门口回头看了看手机亮光下的我和他媳妇，犹豫了一下说:媳妇，还是你去买吧。他媳妇很痛快地答应了，起身走到门口，狐疑地看了看我和哥们，对我说:兄弟你去买蜡烛，行不？我擦！人和人最基本的信任呢？,http://www.budejie.com/detail-26928758.html
说说工作经历吧，阿里一年，太累。换到腾讯三年，然后现在在百度工作一年，最近准备跳槽去华为了，但是不知道出去改要多少薪资合适，能抗压能力也可以 ，重要的是这几年技术方向没变过，一直从事保洁这块...,http://www.budejie.com/detail-26925958.html
今天在澡堂，洗得正爽，看见旁边有一个大叔跳着很潇洒的舞步，那风姿，看的我都眼红了。不禁也跟着跳了起来，可是怎么学也找不到那种洒脱的感觉，最后只好上前去问。大叔也不做声，默默地走过来，把我的水温调到了最高！,http://www.budejie.com/detail-19559479.html
"医院的重护病房前，传来医生宣布死亡的声音。
“马面，这次好像是个六岁的小鬼。”牛头在窗前望里凑了一眼。
“不是吧？”马面抱怨，“又是孩子，再这样被发现很丢面子的！”
“趁着没被看见，速度一点！”
马面撅着嘴不情愿的趴在地上，衣服逐渐消失，手化成了蹄子。。。直至完全变成了一匹马。牛头一转身变成普通人样。
他牵着马面走进病房，看着小朋友温柔的说：
“小朋友，想不想骑马玩啊？”",http://www.budejie.com/detail-26925850.html
"我家住12楼，李阿姨家住四楼，我们两家并不是太熟悉，可自从李阿姨的儿子七月份大学毕业回来她就一直往我们家送东西，什么刚摘的葡萄啦，什么旅游回来带的特产啦之类的…我和家人都心照不宣了，李阿姨肯定是讨好我让我做他的儿媳妇……
今天李阿姨又来了，在家里坐了一会，犹犹豫豫的说：“那个，你们家的小泰迪快生了吧？我儿子特别喜欢小狗，能不能送我们一只？",http://www.budejie.com/detail-15455672.html
老公感冒了，有事没事都往我这边蹭，有种不把我传染到不罢休的感觉！我白了他一眼说，传染到我你良心过得去吗？他笑笑不说话，终于，在他的努力之下我也感冒了！他一脸坏笑的凑过来说：媳妇儿，我看了下有几盒感冒药快过期了，我一个人吃不完，现在你感冒了，估计就能吃完了，毕竟你的胃口比较大。我…,http://www.budejie.com/detail-26893876.html
高中时，情人节那天晚上。我和男朋友出去玩，回家晚了点。轻手轻脚打开家门，老爸已一脸严肃的坐在厅里，叫住我就是一顿骂…几分钟后，我哥也鬼鬼祟祟的回来了。我暗暗偷笑，我哥回来分担火力了。老爸抬头看我哥一眼：“回来了？真没用！”,http://www.budejie.com/detail-26903725.html
小姨子刚毕业就找到了工作，媳妇在家搞饭，让我开车去接小姨子过来吃饭庆祝。回来的路上，我看着后视镜里的小姨子说：“你们公司伙食是不是很好啊？”小姨子笑笑没说话，我赶紧解释道：“我不是那个意思哈！”小姨子冷笑了两声，说：“没事，我没那么小气的。”说完没两分钟，“前面那个公厕停一下！”结果我在路边硬是等了二十多分钟，小姨子才慢悠悠的从厕所出来，后来到了家楼下，小姨子拿起我车上的一大包抽纸默默的放进包里，我特么都快哭了...,http://www.budejie.com/detail-26902542.html
记得郭德纲曾说过这么个相声：于谦的父亲王老爷子是个心地善良的富人，放出话来“别的地方我管不了，我方圆十里内不能有穷人”。然后，他把附近的穷人都赶走了。因为“我心善，见不得穷人”。,http://www.budejie.com/detail-26894706.html
炒股怎么包赚不赔：“首先你要加入各种炒股交流群，学习炒股知识，获取各种内幕！然后当别人股票涨的时候起哄，让人家发红包，你只管抢红包，别买股票。”,http://www.budejie.com/detail-17913450.html
00后描述二战过程：苏联上单，中国下路都是出肉硬抗，法国打野弱鸡一个，靠着中路的英国勉强没送人头，美国前期猥琐发育，后期先强推中路到水晶，想不到上路后发先至已经上高地了，德国挺强悍上路中路闪现传送全用上了，奈何意大利这个猪队友更弱鸡，简直就是潜伏莫卧底，下路这边不知死活的日本还在欺负中国还补兵，这时候美国看不下去了，两个大招下去日本废了，over。,http://www.budejie.com/detail-26902397.html
吃完晚饭后，我坐在沙发上发呆...老公疑惑的问道：“怎么了？是不是出差太辛苦了...”我长叹了一口气，说道：“从我回来进门的一刻起，你拥抱，热吻，气球，蜡烛，红酒，丰盛晚餐，看似一切顺利成章，但你唯独少算了一件事...”老公惊讶的看着我...我淡定的说道：“我提前回来，没告诉过任何人...”,http://www.budejie.com/detail-26902185.html
养了一条狗狗，十多年了，老死了，哎，发誓这辈子都不会养狗了，后来养猫，养了十多年，也死了。现在什么都不敢养了，伤心。前几天朋友死活让我养乌龟，哎，凑活养呗，估计我还得看着它老死…,http://www.budejie.com/detail-26826994.html
"中午吃的萝卜排骨汤，下午正穿梭在同学们之间讲课，突然感觉有股气流有点失控，想要冲出体外，只能强行收紧菊花，硬生生被我压了回去。继续讲课，谁知道刚一迈步，就""噗""的一声，我强行收住。继续讲课，又是一迈步，就""噗""的一声，然后又强行收住。就这样，我走了7步，居然给我来了个""噗噗噗噗噗噗噗""七连环，而且声声刺耳，我宏亮的讲课声根本就掩盖不住",http://www.budejie.com/detail-26873357.html
就刚才，我带儿子玩海洋球，我一直盯着一位爸爸带着孩子玩的特别开心，突然就想到老公工作太忙了，没时间陪儿子玩...这时，儿子却冲到了那个爸爸的面前，大声喊道：“你好，我妈妈还是单身，约吗？”我儿子是不是很可爱?,http://www.budejie.com/detail-26899270.html
"白雪公主出生的时候长得非常白，所以她叫白雪公主，但是她的后妈嫉妒她长得漂亮，就让她去柴房里烧水，结果皮肤被烟熏黑没有原来那么白，就变成了灰姑娘。
灰姑娘去打水的发现自己变得好黑啊，就坐在河边伤心的哭了起来，然后她发现自己的眼泪竟然变成了珍珠诶。
于是她开心得不行，捧着这些珍珠跳起了舞，但是一不小心珍珠就掉到河里了。
这时有个河神上来，拿出一把金斧头，问这是你掉的东西吗。
灰姑娘摇摇头，河神又拿出一把银斧头，问，这是你掉的东西吗，灰姑娘还是摇摇头，河神说你真是个诚实的孩子，我要奖励你。
然后从怀里掏出一只青蛙说，只要你亲他一下，他就会变成你的王子哦。
灰姑娘说你特么能不能先把珍珠还给我。但是发现河神已经消失了。
灰姑娘很生气，狠狠地踹了青蛙一脚。结果青蛙变成了一条恶龙，张着嘴把灰姑娘叼走了。
灰姑娘在空中叫救命啊救命啊。这个时候，光着上身的正在城里游行炫耀新衣服的皇帝打了个巨大的喷嚏，他知道是自己的女儿被抓走了，于是就悬赏勇士们去救她。
住在森林里的七个小矮人听到这个消息，马上掏出了口袋里的葫芦，大叫一声，变身。
然后变成了七个葫芦娃。踏上了拯救灰姑娘的道路。
结果半路遇到一条河，而七仙女就在河里洗澡，好像有个流氓偷了他们的衣服，七个葫芦娃把衣服抢了回来还给七仙女，聊了聊然后发现七仙女竟然是他们的亲生母亲，我们的爸爸是谁，葫芦娃们问。
七仙女齐声说，你们的爸爸是个盖世英雄，有一天他会脚踏七彩祥云，身披金甲圣衣出现的，那个恶龙你们打不过，还是交给他吧，你们先去对付刘梓晨。
过了几天，齐天大圣孙悟空出现了，定住了唠唠叨叨的七仙女，然后继续拯救灰姑娘的征程。
等孙悟空一个跟斗来到恶龙的山洞，正准备叫妖怪出来受死，去发现恶龙和灰姑娘已经幸福的生活在了一起，还生了一个小龙女。
小龙女后来收养了一只雕，创立了古墓派，然后在山洞里等一个右手断掉的王子来找她。
这个就是神雕侠侣的故事。",http://www.budejie.com/detail-26857215.html
晚上按摩，女技师那叫一个漂亮呀，可惜人家说是不做的，软磨硬泡的她终于答应可以摸摸。正准备下手，突然接到老婆打来的电话，才说了几句，女技师等的不耐烦了：“你还摸不摸？我都等多久拉！”这时，电话那头传来了老婆震耳欲聋的吼声：“死鬼！不是说客户谈事吗？又骗我跑去打麻将了！”,http://www.budejie.com/detail-26514231.html
"五六岁,家里买了只大老鳖,我问我爸老鳖吃什么?他捏个花生豆给我说吃这个.我就伸手喂了!然后老鳖咬住我手指头死活不松嘴!我爸一边捂肚子笑一边喊我妈过来看!我妈看我哭的嗷嗷叫,一耳刮子把我爸打懵后才来救我...还有!我妈让我爸带我去找医生看,我爸带我看的是兽医",http://www.budejie.com/detail-23974462.html
刚才学校开水房打水，大一学妹排在我前面，轮到她了，可她保温水壶塞子拧不开了。她回头温柔地对我说：哥，我暖瓶塞子拧不开了……我温柔的对她说到：妹子别着急，你先去一边拧着！,http://www.budejie.com/detail-26768813.html
玩了100多个小时绝地求生，现在看着头顶上过去的飞机我都在想，麻卖批，空投怎么还不落？,http://www.budejie.com/detail-26875785.html
妈妈在阿迪达斯实体店买双鞋，800多，回头在网上找一模一样的才400多。妈妈就又在网上买了双，然后把实体店的退了，我跟我妈妈说，网上的是便宜可能是高仿的！结果老母淡定地说没事，我把网上买的退给实体店了。。,http://www.budejie.com/detail-26885720.html
"疲惫不堪的回到家，看着空荡荡的房子，心里无比落寞…“我们复合吧，我受不了一个人的生活，我压抑的快要窒息了…” 我打电话给前女友。
前女友:“我还是那句话，你换套小公寓我就回来，你整天在公司忙，那四百平米的别墅我住着没安全感。。。”",http://www.budejie.com/detail-26880132.html
未来的老公，你在那里？还不来娶我回家！我爸你岳父说了，彩礼五万陪嫁金饰三万，彩礼十万陪嫁现金十万金饰不变，彩礼给十万陪嫁十八万金饰五万，彩礼三十万陪五十万嫁妆，彩礼一百万陪嫁妆一百万，奥迪一辆，彩礼两百万，陪嫁妆两百万，奥迪一辆，深圳小产权房一套，本人女26岁，本科毕业，身高一米六，五官一般，体重268斤，老公，风里雨里我在深圳等你！,http://www.budejie.com/detail-26881995.html
"高中时候有个男同学，印象挺聪明的，就是话很少，在班上很默默的存在着。他爸爸很爱买彩票，不上班不干活，就靠着家底和他妈妈的工资玩彩票。后来他妈妈跟他爸爸离婚了，他跟了他爸爸，他生活费都还要靠他自己去兼职赚出来……我后来问他“你为什么不跟着你的妈妈呢？”
他说“如果那样的话，妹妹就得跟着爸爸了……”",http://www.budejie.com/detail-26839685.html
今天和媳妇坐公交车，突然碰到了情人也在。她没有看到我媳妇也在我旁边。她过来对我说，我怀孕了。媳妇疑惑的看着我。我马上站起来。对情人说。那你坐这。我站着。我真是太TM机智了！,http://www.budejie.com/detail-19497412.html
大一时，有个学弟追我，在室友的起哄下，我和他出去看了一场电影。那时候是初冬，进场的时候不太冷，看完电影出来有点冷，学弟可能看出来了，问我：学姐，很冷吗？然后拉开他的羽绒服拉链，在我以为他要把衣服给我的时候，他对我说：你看，我都穿保暖衣了……,http://www.budejie.com/detail-26896115.html
突然想到一个问题：西游记中玉帝只有十万天兵天将，而天蓬元帅有八十万天河水军，天蓬元帅为什么不反玉帝自己做玉帝呢?哥们儿一句话：因为八十万是水军。,http://www.budejie.com/detail-26886935.html
洗完澡在阳台晾衣服，晾内裤的时候手没拿紧，竟然掉楼下的铁窗罩上了。趁着没人，我拿了晾衣叉伸到窗罩下面，准备把内裤勾上来，可是勾半天都够不着，好不容易要勾上来了，结果反倒被我拨掉下去了……丫的，看着帅哥从头上拿下我的小内内，一脸懵逼的看着我，我欲哭无泪,http://www.budejie.com/detail-26894895.html
开窗户不小心把花盆碰了下去，正巧砸在一辆豪车上面...我马上蹲下，故装镇定，就当什么事也没有发生...楼下开豪车那男的大声喊道：“敢做不敢当是不是？你要是有点良心，就伸个脑袋出来，看一下我的车都被砸成啥样了...”我颤颤巍巍的把头伸了出去，说道：“喊什么呀！我...我赔你...”然后我这一赔，就是一辈子...,http://www.budejie.com/detail-26905832.html
想吃火腿肠了，不过我在看电视，懒得动，懒得去拿，就喊老公：老公，我想吃火腿肠，帮我拿一根。 结果这货很激动地直接过来了……,http://www.budejie.com/detail-26901469.html
理发店工作的第一天，师傅让我先学着洗头，于是给客人洗了一天的头，师傅夸我人漂亮又很聪明，说明天教我“吹头”，比剪头挣钱多，原来理发店吹头发的最挣钱的啊，天真的我一直以为是剪头挣得多…,http://www.budejie.com/detail-26681746.html
搬了新家，媳妇打电话让晚上回早一点，娘家人都来了，顺便过生日。我脑子一嗡，本就健忘，竟然把媳妇生日也忘了…下班我提着写有“老婆生日快乐，老公永远爱你”蛋糕回家时，发现是丈母娘生日……,http://www.budejie.com/detail-26904376.html
老公感冒了，有事没事都往我这边蹭，有种不把我传染到不罢休的感觉！我白了他一眼说，传染到我你良心过得去吗？他笑笑不说话，终于，在他的努力之下我也感冒了！他一脸坏笑的凑过来说：媳妇儿，我看了下有几盒感冒药快过期了，我一个人吃不完，现在你感冒了，估计就能吃完了，毕竟你的胃口比较大。我…,http://www.budejie.com/detail-26893876.html
高中时，情人节那天晚上。我和男朋友出去玩，回家晚了点。轻手轻脚打开家门，老爸已一脸严肃的坐在厅里，叫住我就是一顿骂…几分钟后，我哥也鬼鬼祟祟的回来了。我暗暗偷笑，我哥回来分担火力了。老爸抬头看我哥一眼：“回来了？真没用！”,http://www.budejie.com/detail-26903725.html
小姨子刚毕业就找到了工作，媳妇在家搞饭，让我开车去接小姨子过来吃饭庆祝。回来的路上，我看着后视镜里的小姨子说：“你们公司伙食是不是很好啊？”小姨子笑笑没说话，我赶紧解释道：“我不是那个意思哈！”小姨子冷笑了两声，说：“没事，我没那么小气的。”说完没两分钟，“前面那个公厕停一下！”结果我在路边硬是等了二十多分钟，小姨子才慢悠悠的从厕所出来，后来到了家楼下，小姨子拿起我车上的一大包抽纸默默的放进包里，我特么都快哭了...,http://www.budejie.com/detail-26902542.html
记得郭德纲曾说过这么个相声：于谦的父亲王老爷子是个心地善良的富人，放出话来“别的地方我管不了，我方圆十里内不能有穷人”。然后，他把附近的穷人都赶走了。因为“我心善，见不得穷人”。,http://www.budejie.com/detail-26894706.html
炒股怎么包赚不赔：“首先你要加入各种炒股交流群，学习炒股知识，获取各种内幕！然后当别人股票涨的时候起哄，让人家发红包，你只管抢红包，别买股票。”,http://www.budejie.com/detail-17913450.html
00后描述二战过程：苏联上单，中国下路都是出肉硬抗，法国打野弱鸡一个，靠着中路的英国勉强没送人头，美国前期猥琐发育，后期先强推中路到水晶，想不到上路后发先至已经上高地了，德国挺强悍上路中路闪现传送全用上了，奈何意大利这个猪队友更弱鸡，简直就是潜伏莫卧底，下路这边不知死活的日本还在欺负中国还补兵，这时候美国看不下去了，两个大招下去日本废了，over。,http://www.budejie.com/detail-26902397.html
吃完晚饭后，我坐在沙发上发呆...老公疑惑的问道：“怎么了？是不是出差太辛苦了...”我长叹了一口气，说道：“从我回来进门的一刻起，你拥抱，热吻，气球，蜡烛，红酒，丰盛晚餐，看似一切顺利成章，但你唯独少算了一件事...”老公惊讶的看着我...我淡定的说道：“我提前回来，没告诉过任何人...”,http://www.budejie.com/detail-26902185.html
养了一条狗狗，十多年了，老死了，哎，发誓这辈子都不会养狗了，后来养猫，养了十多年，也死了。现在什么都不敢养了，伤心。前几天朋友死活让我养乌龟，哎，凑活养呗，估计我还得看着它老死…,http://www.budejie.com/detail-26826994.html
"中午吃的萝卜排骨汤，下午正穿梭在同学们之间讲课，突然感觉有股气流有点失控，想要冲出体外，只能强行收紧菊花，硬生生被我压了回去。继续讲课，谁知道刚一迈步，就""噗""的一声，我强行收住。继续讲课，又是一迈步，就""噗""的一声，然后又强行收住。就这样，我走了7步，居然给我来了个""噗噗噗噗噗噗噗""七连环，而且声声刺耳，我宏亮的讲课声根本就掩盖不住",http://www.budejie.com/detail-26873357.html
就刚才，我带儿子玩海洋球，我一直盯着一位爸爸带着孩子玩的特别开心，突然就想到老公工作太忙了，没时间陪儿子玩...这时，儿子却冲到了那个爸爸的面前，大声喊道：“你好，我妈妈还是单身，约吗？”我儿子是不是很可爱?,http://www.budejie.com/detail-26899270.html
"白雪公主出生的时候长得非常白，所以她叫白雪公主，但是她的后妈嫉妒她长得漂亮，就让她去柴房里烧水，结果皮肤被烟熏黑没有原来那么白，就变成了灰姑娘。
灰姑娘去打水的发现自己变得好黑啊，就坐在河边伤心的哭了起来，然后她发现自己的眼泪竟然变成了珍珠诶。
于是她开心得不行，捧着这些珍珠跳起了舞，但是一不小心珍珠就掉到河里了。
这时有个河神上来，拿出一把金斧头，问这是你掉的东西吗。
灰姑娘摇摇头，河神又拿出一把银斧头，问，这是你掉的东西吗，灰姑娘还是摇摇头，河神说你真是个诚实的孩子，我要奖励你。
然后从怀里掏出一只青蛙说，只要你亲他一下，他就会变成你的王子哦。
灰姑娘说你特么能不能先把珍珠还给我。但是发现河神已经消失了。
灰姑娘很生气，狠狠地踹了青蛙一脚。结果青蛙变成了一条恶龙，张着嘴把灰姑娘叼走了。
灰姑娘在空中叫救命啊救命啊。这个时候，光着上身的正在城里游行炫耀新衣服的皇帝打了个巨大的喷嚏，他知道是自己的女儿被抓走了，于是就悬赏勇士们去救她。
住在森林里的七个小矮人听到这个消息，马上掏出了口袋里的葫芦，大叫一声，变身。
然后变成了七个葫芦娃。踏上了拯救灰姑娘的道路。
结果半路遇到一条河，而七仙女就在河里洗澡，好像有个流氓偷了他们的衣服，七个葫芦娃把衣服抢了回来还给七仙女，聊了聊然后发现七仙女竟然是他们的亲生母亲，我们的爸爸是谁，葫芦娃们问。
七仙女齐声说，你们的爸爸是个盖世英雄，有一天他会脚踏七彩祥云，身披金甲圣衣出现的，那个恶龙你们打不过，还是交给他吧，你们先去对付刘梓晨。
过了几天，齐天大圣孙悟空出现了，定住了唠唠叨叨的七仙女，然后继续拯救灰姑娘的征程。
等孙悟空一个跟斗来到恶龙的山洞，正准备叫妖怪出来受死，去发现恶龙和灰姑娘已经幸福的生活在了一起，还生了一个小龙女。
小龙女后来收养了一只雕，创立了古墓派，然后在山洞里等一个右手断掉的王子来找她。
这个就是神雕侠侣的故事。",http://www.budejie.com/detail-26857215.html
晚上按摩，女技师那叫一个漂亮呀，可惜人家说是不做的，软磨硬泡的她终于答应可以摸摸。正准备下手，突然接到老婆打来的电话，才说了几句，女技师等的不耐烦了：“你还摸不摸？我都等多久拉！”这时，电话那头传来了老婆震耳欲聋的吼声：“死鬼！不是说客户谈事吗？又骗我跑去打麻将了！”,http://www.budejie.com/detail-26514231.html
"五六岁,家里买了只大老鳖,我问我爸老鳖吃什么?他捏个花生豆给我说吃这个.我就伸手喂了!然后老鳖咬住我手指头死活不松嘴!我爸一边捂肚子笑一边喊我妈过来看!我妈看我哭的嗷嗷叫,一耳刮子把我爸打懵后才来救我...还有!我妈让我爸带我去找医生看,我爸带我看的是兽医",http://www.budejie.com/detail-23974462.html
那一天，夜色微凉，我们相遇，期盼了那么久，最终还是默默无言，感情没有时间的限制，像极了一个囚笼，把我们困在里面。对视良久，眼神传递着不舍，最终你转身走远，寒风凌冽，冻僵了心脏，张嘴想说些什么，却不知从何说起，杵立良久，默默转身，点起一支烟，深吸一口，一辆白色的大众停在我的面前，上车，司机关切的说：兄弟，还好吧？我叹了口气，一股燥热涌上心头：走吧，这家太贵，快餐都要800！换一家！,http://www.budejie.com/detail-26889808.html
就刚才，我给刚下班回家的老公讲鬼故事，讲的正起劲呢，突然大衣柜晃了一下！把老公吓得！揍了我一个多钟头...,http://www.budejie.com/detail-26821661.html
服务员我要一份12分熟的牛排，蘸酱要老干妈，注意是陶华碧牌的其它的牌子我不付钱的，还有请把刀叉拿走，我要筷子，筷子要天圆地方，7尺6寸的烤制木筷，还有饮品就开一瓶82年的茅台，帮我醒酒一个小时，这样味道纯，其它的就没有什么了，如果可以请帮我把这个背景音乐换成东方红这样吃起西餐比较有感觉！,http://www.budejie.com/detail-26877853.html
有一次舍友心血来潮帮我按摩，于是就开始了按摩，在床上我趴着，就开始帮我按摩腿，当时我穿的内条裤子特别透气，忽然有一股屁意袭来，还没来得及和舍友打招呼，屁就跑出来了，而且气流挺强，舍友是有刘海儿的妹子，瞬间刘海儿都飞起来了，过了好久舍友都没缓过来。,http://www.budejie.com/detail-26885704.html
男朋友开车把我撞了， 他不但不道歉还理直器壮得威胁我。 他说：“ 你再反抗，我就一步到胃送你去当神仙。” 说完，我再一次惨遭他的无情碾压。,http://www.budejie.com/detail-26875526.html
今天走路去买水。路上一妹子开车把我撞了，伤势不严重，住了医院，在医院里听到那个撞我的妹子对她爸爸大喊：我就是要故意撞他。他这么帅我撞了他就可以养他一辈子了！我含着泪发誓养好了一定要娶她，不冲别的，就冲她撞我的车是保时捷。。。,http://www.budejie.com/detail-19144504.html
高中的时候，一个男生好像喜欢我，一天他趁没人的时候，送给我一个袋子，说是给我的礼物，然后羞射的跑开了。打开一看，是几包姨妈巾！姨妈巾啊！！还附带小纸条一张写到“为了给你送份特别的礼物，我特地观察了很久，希望你喜欢。”那一刻我的脑子真的是蒙蔽的，其实我就想知道他是怎么观察的。,http://www.budejie.com/detail-26885278.html
"我们《医学基础》老师说过:“同学们，不要后悔选择了医学专业，你们可以打听打听，现在的医生哪个不月入好几万，还有患者送礼。即使将来改行也容易成功，关汉卿干过医生，改行成了元曲大家；孙中山也是医生，改行后成了国父；鲁迅先生也是弃医从文，成了文学家；罗大佑放弃医生职位，成了音乐教父。即使你比他们混的差，起码也可以潜规则一下女患者嘛！”
每每想起这位老师的话，我都激动不已，只不过，老师，您说的话，适用于我们兽医专业的学生吗？",http://www.budejie.com/detail-26855023.html
"相亲，女孩说：我不爱吃湘菜。
男孩：我也是，还有大蒜、生姜。。。",http://www.budejie.com/detail-26856048.html
"以后在聚会、联谊上有人问你“要不要帮你介绍对象”时，你可以礼貌地微笑答道：“不必了，我已经有喜欢的人了，而且很多年来一直忘不掉他。”此时众人必然起哄、兴冲冲追问你“谁啊谁啊”，你再沉吟低眉，一字一句道：“可那个人啊，永远都是17岁了。”...全场肯定顿时陷入死寂，从此再不会有人问你这个尴尬的问题...
而没有人会知道你说的是柯南。",http://www.budejie.com/detail-26846884.html
"记得夏天在路上看到一帅哥， 乞丐裤，卷发，180左右。遗憾的是他走路时一条腿十分轻盈，另一条腿却在地上拖着，就这么一步一挪，一步一挪，走得艰难缓慢。。。
他越走越近，泪水渐渐模糊了我的视线，我不知道在他生命中曾经发生过什么，要让青春的身体承担如此不堪的姿势，直到我发现是他的人字拖断了。",http://www.budejie.com/detail-26848377.html
今天和女神下馆子，点了不少海鲜，然后她一直在吃海鲜，我一点都没吃。吃完之后，女神说了句：荆轲刺秦王，然后就走了。我听了之后，开心的不行，这顿饭没白吃！,http://www.budejie.com/detail-25555138.html
朋友都说结婚了存私房钱老是被抓，我只想说你们还是太嫩了，我全放支付宝，用的时候装，不用时把支付宝卸载，天知，地知，我知，马云知！！！,http://www.budejie.com/detail-26875956.html
今天体育课下雨没有上，一群人憋在教室里上自习，老班可能看我们无聊，天南地北的跟我们侃了起来，说到了明星，她问到：咱们班同学平常都喜欢哪个明星？男生一脸的不屑，女生叽叽喳喳的讨论，都是鹿晗啊，吴亦凡啊之类的，我戳了戳正在睡觉的闺蜜：喂，你喜欢哪个明星，老师让你说呢。闺蜜揉了揉眼，站起来没有丝毫犹豫：老师，我最喜欢李云龙！我了个草…空气瞬间安静…,http://www.budejie.com/detail-25136037.html
媳妇出差，小姨子来家，我请她回去吃完饭安排她住宾馆然后回家，到家发现媳妇坐在客厅里。我惊讶道：“你怎么回来的？”媳妇冷冷的说：“坐飞机赶回来的！”我开心的问道：“忙完了？”“还没，明天还要过去！”“那你？？？”“我妹来了，我不放心回来看看！”我不悦道：“那是你妹妹，你有什么不放心的，我不是那种人！”媳妇冷笑道：“你当年跟我姐也是这么说的…”,http://www.budejie.com/detail-26869718.html
"科学家们发现：经常出去看世界的孩子，成功的机率往往要比其他人大很多。
那么为什么经常旅行的孩子在成年后更容易成功呢？经过大量调查后科学家得出结论：
因为他们家通常比较有钱……",http://www.budejie.com/detail-26872987.html
一货车司机带着他的宠物一只鹦鹉运送一车母鸡，一路上货车司机寂寞难耐，忽然路边一妙龄女郎招手搭顺风车，司机欣然同意，途中司机很不老实的乱摸，女郎大怒，司机威胁道：“让摸不让摸？不让摸就下去。”女郎遂下车，司机怒气无处发泄，将鹦鹉随手扔到后面车厢中。途中司机忽然发现后面车厢中的母鸡纷纷跳下车去，很奇怪，于是停车查看究竟，这时车厢中仅剩一只母鸡和那只宠物鹦鹉，只听鹦鹉对母鸡说：“让摸不让摸？不让摸就下去。”,http://www.budejie.com/detail-26870308.html
"骗婚的人固然可耻，但我觉得平台责任更大；在网上看到这个新闻后我抱着试试的心态注册了珍爱网和世纪佳缘，结果发现都注册成功了，还有各种推荐……
我TM是一个已婚有孩子的人啊……这些婚恋网站完全不负责任。",http://www.budejie.com/detail-26879078.html
武大郎被毒死见了阎王爷就大骂：“你太TMD坑爹了，投胎把我投得又矮又丑，戴绿帽还不算了，还要被砒霜毒死，整辈子就一悲剧，有这个必要吗？”阎王也感到有点不好意思，安慰道：“好啦好啦，当年确实出了点意外，下辈子我保你又型又帅又当影帝万人迷，老婆比金莲有过之而无不及......”大郎听了大喜，飞也似的冲过奈何桥，头也不回地投胎去了，已经顾不上后面隐隐约约传来阎王的喊声：“帽子还没有摘下来……！”,http://www.budejie.com/detail-23647858.html
"吃香蕉扒皮的时候，
你们是喜欢从头开始扒着吃，
还是屁股扒着吃，
还是像我一样不扒皮直接吃！",http://www.budejie.com/detail-26853091.html
"出差两星期，终于回来了。想给男友一个惊喜，我故意不告诉他，刚下机我就直奔他宿舍。男友看到我，竟然一脸哀怨 : “你早来一分钟也好啊！”
看到地上散乱的纸巾，我好像明白了什么…",http://www.budejie.com/detail-26820308.html
如果你有100万，买套房吧，收藏我们的爱情；你有10万，买辆车吧，驱动我们的爱情；你有1万，买颗钻戒吧，见证我们的爱情；你有0.1万，去郊游吧，放飞我们的爱情；你有0.01万，吃次烛光晚餐吧，浪漫我们的爱情；你有0.001万，那就买瓶水吧，浇灌我们的爱情。,http://www.budejie.com/detail-18342547.html
上班做地铁，见一潮男的裤子，一半是红一半是蓝。进站后，车门一开就有一五大三粗的大姐冲上来，低头专心抢座，大声对潮男说：“你们俩，稍微让一让！”然后强行分开潮男的两腿，直接就坐上去了！,http://www.budejie.com/detail-26838130.html
昨天妈妈给我整理房间，整理完笑嘻嘻递给我一个纸袋：你自己处理吧。我打开一看，是和前女友分手后，我把我俩的聊天记录，打印出来。还有我们的照片，保存纸袋里……我诧异地问妈妈为什么保存至今。妈妈幽幽说道：你失恋后天天郁闷的不行，天天想她，还说非她不娶，我以为你真有这个决心，寻思把这些文件留下来，等你们和好后，帮你见证下你的忠贞……,http://www.budejie.com/detail-26862212.html
公交车上，我被挤在一个男生的怀里...一开始，我还不太好意思，但时间长了，我也就习惯了，头也轻轻的靠在他的身上，说道：“这公交车我坐了一个星期，每次都被挤在你怀里，你相信缘份吗？”男生淡定的说道：“我不相信缘份...我只知道租一辆公交车五百，一百多名群众演员，每人八十...所以，我只相信钱...”,http://www.budejie.com/detail-26863281.html
前两天，好不容易借到老板的车，带女神出去自驾游。开到半路，女神突然面露难色说：“我…我想尿尿。”我淡定的把车停到一片野地里，车头冲外，说：“快，你去车后面尿，我不下车。”女神羞红了脸跑去车后，我默默地挂上了倒挡……我以为我会打开倒车影像没想到旷野上传来一阵冰冷而恐怖的女声：“倒车，请注意，倒车，请注意……”,http://www.budejie.com/detail-25216060.html
如果光的传播速度真的比声音快。。。那为什么信号灯还没变绿，我就已经听到后面的宝马司机摁喇叭了？,http://www.budejie.com/detail-26848478.html
一夜过后...我躺在床上说道：“那时，在公交车上，要不是那老太太突然发病，死死地抓住你和我，吵着闹着喊停车去医院...我们也就不会认识...也不会有今天...”男朋友淡定的说道：“明儿我就带你回家，看到我妈，可不能老太太老太太的叫了...”,http://www.budejie.com/detail-26860678.html
"“宝贝。。。”我走过去拍了拍她的肩膀。
她说：“你叫谁宝贝呢？我又不是你女朋友。”
“我刚刚已经拍下你了。”",http://www.budejie.com/detail-26858703.html
夺妻之仇，不共戴天。MLGB的！你可知道？老子整整吃了一个月的泡面！抽了一个月的红梅！一个月公交都他妈没舍得花钱坐！省了1200块啊、第一次学着注册了淘宝帐号，第一次办理网银，第一次参加双十一，全部都是为的这个充气娃娃！造孽啊！昨天下午在南财门口冒领我包裹的杀千刀的！你给老子滚出来！,http://www.budejie.com/detail-25692330.html
最近总是手脚冰凉，网上说是肾虚所致。坚持健身、不撸、喝枸杞泡茶一段时间还是不见效，于是一咬牙把取暖费交了，病就好了。,http://www.budejie.com/detail-26858711.html
"路过一个院子，看见门上挂着一块牌子，牌子上面有两个字——“情人”。我突然觉得这个院子主人还挺有趣，于是轻轻推门进去，结果，还没走两步，突然从旁边冲出来两只大狼狗......
我从医院打狂犬疫苗回来，再揉揉眼睛仔细看了看那块牌子，才发现上面的两个字原来是“慎入”。
哎，保护眼睛，刻不容缓。看来不能老捅咕那破手机了！",http://www.budejie.com/detail-21372666.html
幸福不是房子有多大，而是房子里的笑声有多少。就拿小李来说，他本来挺难过的，但是回家看到自己880平的房子，竟幸福地笑出声来！,http://www.budejie.com/detail-26853022.html
"周末中午加班做技术标，突然接到变更方案的通知，要求进度计划分解到三级，要用P6编制，妈哒，以前没用过呢，正一筹莫展的时候，外卖小哥送餐上门。我示意让他放桌面，打电话向公司总部求支援，那边却说派不出人手，气的我差点摔了手机！""你先去吃饭，吃完饭给我个五星好评，其他交给我，我进美团前是中铁某项目部的总工！""",http://www.budejie.com/detail-26854486.html
女同事欠了我200块钱，说没钱现在还不了我了，她说不如肉偿吧，走进宾馆开房需要180块，我发现自己没拿钱包，她说:“我来吧”，当我看到她在包里拿出两张百元钞我当时就火了，拿上钱头也没回的就走了。,http://www.budejie.com/detail-26855006.html
教姐夫们一个发家致富的好办法，不灵不收钱：首先去买一个盒子，然后里面放一张纸，上面就写：“回到2017年来看我，带上钱和科技，不然我就自宫。----200年后启”。然后把这个盒子世世代代传下去。,http://www.budejie.com/detail-26701669.html
今天暴雨， 回家的时候看到老婆在浴室猛搓身子， 皮肤都红了，眼角挂着泪， 一副生无可恋的样子，我心里咯噔一下， 颤抖着问：“老婆，你怎么了？”她看到我， 哇的哭了：“路上一个变态，过水坑还开那么快， 你是没看到那水有多脏，溅我一身水， 太恶心了！” 我顿时松了口气， 第一次觉得老婆的洁癖这么可爱！,http://www.budejie.com/detail-26852030.html
第一次见她父母的时候女朋友特别高兴，特意下厨给我炒了几个拿手好菜，说实话，那一刻我真的被她感动了……开吃的时候才发现菜根本没熟，我心想这可怎么办啊，这桌菜是她特意给我准备的，不吃的话她肯定会不高兴的。我正想着呢，老丈人小声来了一句:“傻小子，快吃吧，不吃的话以后就是你做饭了。”,http://www.budejie.com/detail-26835241.html
一哥们，结婚第二年就添了一对双胞胎，媳妇奶水不够，就买了一头奶羊，预备给孩子喝羊奶。可是，奶羊一胎生了四个，还得给小羊买奶喝。,http://www.budejie.com/detail-26845584.html
据报道，全球有20%的人因为肥胖而死亡。这就意味着80%的人因为瘦而死亡。什么体型最不容易死，一目了然。,http://www.budejie.com/detail-26822553.html
"周末中午加班做技术标，突然接到变更方案的通知，要求进度计划分解到三级，要用P6编制，妈哒，以前没用过呢，正一筹莫展的时候，外卖小哥送餐上门。我示意让他放桌面，打电话向公司总部求支援，那边却说派不出人手，气的我差点摔了手机！""你先去吃饭，吃完饭给我个五星好评，其他交给我，我进美团前是中铁某项目部的总工！""",http://www.budejie.com/detail-26854486.html
女同事欠了我200块钱，说没钱现在还不了我了，她说不如肉偿吧，走进宾馆开房需要180块，我发现自己没拿钱包，她说:“我来吧”，当我看到她在包里拿出两张百元钞我当时就火了，拿上钱头也没回的就走了。,http://www.budejie.com/detail-26855006.html
教姐夫们一个发家致富的好办法，不灵不收钱：首先去买一个盒子，然后里面放一张纸，上面就写：“回到2017年来看我，带上钱和科技，不然我就自宫。----200年后启”。然后把这个盒子世世代代传下去。,http://www.budejie.com/detail-26701669.html
今天暴雨， 回家的时候看到老婆在浴室猛搓身子， 皮肤都红了，眼角挂着泪， 一副生无可恋的样子，我心里咯噔一下， 颤抖着问：“老婆，你怎么了？”她看到我， 哇的哭了：“路上一个变态，过水坑还开那么快， 你是没看到那水有多脏，溅我一身水， 太恶心了！” 我顿时松了口气， 第一次觉得老婆的洁癖这么可爱！,http://www.budejie.com/detail-26852030.html
第一次见她父母的时候女朋友特别高兴，特意下厨给我炒了几个拿手好菜，说实话，那一刻我真的被她感动了……开吃的时候才发现菜根本没熟，我心想这可怎么办啊，这桌菜是她特意给我准备的，不吃的话她肯定会不高兴的。我正想着呢，老丈人小声来了一句:“傻小子，快吃吧，不吃的话以后就是你做饭了。”,http://www.budejie.com/detail-26835241.html
一哥们，结婚第二年就添了一对双胞胎，媳妇奶水不够，就买了一头奶羊，预备给孩子喝羊奶。可是，奶羊一胎生了四个，还得给小羊买奶喝。,http://www.budejie.com/detail-26845584.html
据报道，全球有20%的人因为肥胖而死亡。这就意味着80%的人因为瘦而死亡。什么体型最不容易死，一目了然。,http://www.budejie.com/detail-26822553.html
"王宝强马蓉事件有人支持马蓉，翟欣欣事件有人支持翟欣欣，保姆纵火案有人对林先生各种嘲讽，江歌案又有人谴责辱骂江妈妈。
这群对好人苛刻，对恶人宽容的人简直恶心至极。
仿佛不从一堆大便中找出一粒米出来，就无法表现出自己的睿智跟与众不同。",http://www.budejie.com/detail-26841917.html
小时候住农村，家里是有围墙的那种大院子。有一次我调皮捣蛋被我爸抓住打，我妈“嗖”一下从屋子里窜出来，我以为她是来护犊子的，结果她跑过去把大门反锁，原来是怕我从大门跑了我爸抓不住我……第一次真切感受到“关门打狗”的含义……,http://www.budejie.com/detail-26851801.html
昨晚和老婆吵架，气得老婆没吃饭就去睡觉了。半夜我睡的迷迷糊糊的看见老婆拿着一把剪刀向我下面伸了过去。吓得我大叫：“老婆！我错了，我真的错了。以后你叫我干嘛我就干嘛，洗碗拖地都交给我。。。啊！！！”还没说完，老婆一剪子就下去了。。。。老婆：“鬼叫什么呢！你内裤上有个线头，我帮你剪了。”,http://www.budejie.com/detail-26837234.html
"昨晚老婆快七点了还没下班，儿子趴着窗户等。等了会儿，突然又给我说：爸，咱妈咋还不回来？
我顿时微怒，这孩子怎么这么笨，辈分都分不清，边玩手机边跟他解释：你咋这么傻，你妈是你妈，我妈是我妈，你管你妈叫妈妈，我管你妈叫奶奶。。。",http://www.budejie.com/detail-26818809.html
第一次去女友家，先是聊了一堆有的没的，后来高潮来了，她妈妈说：“小伙子，你活儿怎么样？”我一时语塞……后来女朋友赶紧解释，说是问工作怎么样……,http://www.budejie.com/detail-26850156.html
"女友是班长，一次她主持班会。会前，她笑吟吟地说要调查大家的私人生活，说，有女朋友的男生把手举起来。举手的男生并不多，我开心地看着她，举着手。
她一步步从讲台走下来，来到我身边对我说：乖，你把手放下。该举的时候你不举！",http://www.budejie.com/detail-25374848.html
晚上吃饱饭在公园散步，看见两个小萝莉好像是双胞胎，我过去，然后问她你们谁是姐姐？一个小萝莉说:“我是姐姐我是姐姐！”然后我又问那谁是妹妹，然后另一个小萝莉说:“姐姐这个人傻B。”我:……,http://www.budejie.com/detail-26820562.html
"你的狗并不知道你会出错,当你晚上起夜被它绊倒在黑夜中,它只会觉得你起床只是为了踢它的头。",http://www.budejie.com/detail-26813886.html
我尴尬道:“哥们，我刚装修好房子，经济比较紧张，五千暂时真没有，五百吧！…”哥们笑道:“别当真，和你开玩笑呢！包多少你随意，我一会微信转五千给你，你到时候取出来随礼给我，我就想在媳妇面前显摆下！”,http://www.budejie.com/detail-26444824.html
最近天气转凉了，偏偏被老妈叫去相亲，相亲嘛，总要打扮的美美哒，于是我依然穿了一条短裙就出了门，一路上寒风咧咧，冷的我直抖腿，相亲男一见面打量了我一眼开口就说:你等着！说完就走，一会儿提着个袋子递给我让我去洗手间换上……后来我穿着一条东北大碎花棉裤跟他进行了第一次约会！,http://www.budejie.com/detail-26828835.html
"和一同事食堂吃饭，要了一份小笼包，她夹起一个就往嘴里扔，
不小心滚到地上去了，这货神速捡起来又扔进了嘴里！
我说：都脏了，还吃？
岂料这货回了一句：干净着呢，三秒之内捡起来，细菌还没反应过来呢！",http://www.budejie.com/detail-26826351.html
山上有一尼姑庵，尼姑们轮流下山买菜，交通工具只有一辆自行车。道路很崎岖不平，都是石头，给尼姑掂的嗷嗷直叫，尤其这俩天叫声越来越大。师太忍不住发火了，说道：以后你们再这大声的叫，我就把自行车座子给安上……,http://www.budejie.com/detail-26844806.html
约闺蜜一起吃饭，我男友也在。闺蜜胸很大，穿的也很性感。男友老是偷偷瞄她，下面不知不觉支起了小帐篷…后来，我拿这事取笑他。二货狡辩说 : 无心之举，无心之举…,http://www.budejie.com/detail-26828819.html
最近天气转凉了，偏偏被老妈叫去相亲，相亲嘛，总要打扮的美美哒，于是我依然穿了一条短裙就出了门，一路上寒风咧咧，冷的我直抖腿，相亲男一见面打量了我一眼开口就说:你等着！说完就走，一会儿提着个袋子递给我让我去洗手间换上……后来我穿着一条东北大碎花棉裤跟他进行了第一次约会！,http://www.budejie.com/detail-26828835.html
"和一同事食堂吃饭，要了一份小笼包，她夹起一个就往嘴里扔，
不小心滚到地上去了，这货神速捡起来又扔进了嘴里！
我说：都脏了，还吃？
岂料这货回了一句：干净着呢，三秒之内捡起来，细菌还没反应过来呢！",http://www.budejie.com/detail-26826351.html
山上有一尼姑庵，尼姑们轮流下山买菜，交通工具只有一辆自行车。道路很崎岖不平，都是石头，给尼姑掂的嗷嗷直叫，尤其这俩天叫声越来越大。师太忍不住发火了，说道：以后你们再这大声的叫，我就把自行车座子给安上……,http://www.budejie.com/detail-26844806.html
约闺蜜一起吃饭，我男友也在。闺蜜胸很大，穿的也很性感。男友老是偷偷瞄她，下面不知不觉支起了小帐篷…后来，我拿这事取笑他。二货狡辩说 : 无心之举，无心之举…,http://www.budejie.com/detail-26828819.html
"上次去相亲的时候请妹子吃饭，结果妹子进店就点了牛排、红酒、澳洲龙虾……等到结账的时候，服务员把账单拿来我都惊呆了。于是妹子说：不然咱们AA制吧。
我兴奋地说：好啊，你A你的啊，我A我的！我这瓶饮料加这碗米饭一共20块……",http://www.budejie.com/detail-26841074.html
"今天去超市买东西，看到收营员小妹长得挺漂亮的，于是就逗收银小妹。老公，老爸，老妈，弟弟，妹妹，哪一个跟你没有血缘关系？“老公”，收银小妹不假思索的回答道，我笑咪咪的“诶，乖，老婆，”收营员小妹羞怒嗔道，呸，讨厌。然后我被她男朋友打的脸都花了。
哈哈哈哈?，骗你们的，其实腿也打断了...",http://www.budejie.com/detail-26745737.html
"小时候跟姐姐打架各种打不赢，心生一计，果断装死，姐姐各种摇各种喊不醒,，遂急哭,，我开心极了。继续装，姐突然出去了好久才回来，回来后姐边哭边说：“妹啊，姐姐不是故意打死你的。”然后就边哭边把我往外托。此时我感觉不对劲啊，跳起来问她托我做什么？姐说看我已经死了，准备托我去埋，坑都挖好了。",http://www.budejie.com/detail-26832434.html
马蜂狂追小蝴蝶，小蝴蝶却嫁给了蜗牛。马蜂不解：“它哪里比我好？”蝴蝶回答：“人家好歹有自己的房子，哪像你还住在集体宿舍。”这特么就是现实！,http://www.budejie.com/detail-26833330.html
给大家传授一点人生的经验：向别人要零食时，不要自己用手去抓，而是要双手捧成碗状，等着别人倒给你零食，人家就会因为不好意思而倒给你更多的零食。而别人管你要零食时，你要把包装袋递给他，然后他会因为不好意思而少拿一点。,http://www.budejie.com/detail-26812983.html
梦绝对是相反的，真的！早上我含情脉脉的望着老公：“亲爱的，太奇怪了，我昨天晚上梦见你送给我个iPhone X，你说这梦是什么意思？”老公轻吻了我的额头：“宝贝，晚上等我回来，你就知道了。”晚上我下班回家，看到老公准备好了温馨的烛光，桌上摆了啤酒，炸鸡，油闷大虾。老公拿出一个纸盒给我，我激动的打开，里边是一本包装精美的《周公解梦》。,http://www.budejie.com/detail-26833838.html
2015年马云曾说，自己最大梦想就是想和王菲合唱一首歌。团队就请王菲在天猫双十一晚会唱歌，曾开价1.6亿的出场费，王菲拒绝不去。2016年又请，王菲还是拒绝。2017年双十一王菲和马云合唱《风清扬》出专辑，还免费！据我分析应该大概可能是王菲的蚂蚁花呗遇到了点困难……,http://www.budejie.com/detail-26839914.html
刚认识的女友交往了半个月，今天突然趴在我怀里哭了，说起她们家族生意，老爸很势力，说要拿她的婚姻做交易。她说她和她老爸摊牌了，就看上我了，如果她老爸不同意就和我私奔！下午我忐忑地见了她父亲，结果……她爹是卖包子的，看上了隔壁炸油条的小伙。尼玛，姐姐你是对我多没信心啊。。。,http://www.budejie.com/detail-20101610.html
传统文化丢失严重啊，古代的女子个个能呤诗作对。现代女子不行了……TM只会作对！,http://www.budejie.com/detail-26794711.html
看了很多性爱技巧方面的书籍，有人建议温柔，有人建议猛烈，有人强调交流，有人强调征服。说实在的，就我个人经验来说，最重要的技巧是先取得女方同意。,http://www.budejie.com/detail-26824672.html
"小侄子突然跑到我面前，拿了包薯片递给我：姑姑！这个给你吃吧。
本宫大脑三千转飞速转动，有诈！仔细打量，外包装完好无漏气，还在保质期内，加上他真挚的眼神，没问题啊，那就撕开吃吧。。
几分钟后，他突然倒地上大叫，一边驴打滚：奶奶！姑姑把我最后一包零食给偷吃了！
我妈从厨房跑出来：死丫头，吃小孩东西干嘛，还不出去给他多买点。
我…………买！！！",http://www.budejie.com/detail-18008642.html
老板在开会的时候鼓励道：“兄弟们！大伙好好干，也必须好好干，干好了哥给你们换个漂亮的嫂子！”,http://www.budejie.com/detail-26824679.html
我妈在楼下和阿姨们聊天。李阿姨夸自己的闺女：我闺女可厉害了，在他们单位每个月业绩都是第一！张阿姨也夸自己闺女：我闺女天天烦恼，好几个男生追她，不知道选择哪个好！我妈也不甘示弱，可劲的夸我：俺闺女中午吃饭的时候，吃了3个馒头，一个猪蹄，俩鸡腿，末了又吃了俩大包子。,http://www.budejie.com/detail-26820430.html
我有个弟弟，虽然长得五大三粗的，但是平时对人很友善，有时候还会害羞，特别是见到美女的时候，恨不得找个缝钻进去，这种情况我教育了很多次都不见效，非得逼着我打一顿才好....,http://www.budejie.com/detail-26828624.html
媳妇最近特别喜欢打扮，我想她肯定在我上班的时候出去鬼混了。越想越生气，今天我彻底怒了，我在她洗澡的时候翻了她的包。我想，要是翻到了避孕套我就跟她离婚。打开包在里面翻了翻没有TT，只有一个空的老鼠药袋。看到没有TT我就放心了，欣慰地喝完了她做的粥。。。,http://www.budejie.com/detail-26442474.html
"发了张自拍，然后一个女的私聊我说，你真的这么帅吗？
我马上不用美颜相机发了一张，她还是不信，让我拍身份证，我拍了，她还是不信，让我拍一下反面，看看是不是真的，我拍了，她还是不信，让我手拿着拍。
我拍了，然后她要我电话，我激动的不得了，然后发了，她把我删了。。。。
最近几天，我收到了好多小额贷款问我要钱。。。好多游戏分期付款。。。",http://www.budejie.com/detail-26828931.html
吃过最苦的，是她的喜糖。喝过最酸的，是她的喜酒。拿过最烫的，是她的喜贴。遇见最高兴的，是她的儿子长的像我。,http://www.budejie.com/detail-26803865.html
前不久，参加一个自驾游车队，去西藏旅游，车队奔驰在草原上，坐后排的我让司机放慢车速，并按下车窗，张大嘴想呼吸草原的气息！车队另一辆车疾驰而过，把路边的一堆牛粪溅起，弄得我脸上都是牛粪，有些还进了嘴里…… ​​​,http://www.budejie.com/detail-26820966.html
我认识一个有钱人，一直喜欢王菲的歌，拿王菲当偶像，于是花最贵的价钱把王菲上次坑钱演唱会里VIP的席位承包了，前不久还跟人家合唱了一首歌叫风清扬。因为这位有钱人热衷于练太极，于是前不久又拍了部电影，用太极把甄子丹、吴京、托尼贾、李连杰等各大牌动作明星都打了一遍，电影名字叫功守道，我讲的全是事实，那首歌和那部电影大家都可以欣赏的到，这才是真正有钱人的生活吧。,http://www.budejie.com/detail-26820956.html
我们公司有个女同事，都快30的人了还是单身，我问她想找啥样的？她放下茶杯，天真的说：“这种事情得看缘分，只想找个癌症晚期的土豪，和他粗茶淡饭，平平淡淡的过完这一生。”这世界纷繁复杂，像这样单纯的女孩，说实话，不多了。,http://www.budejie.com/detail-26808073.html
第一次去男友家，他父亲把我叫进书房：“这是一百万离开我儿子，因为他要和其他大公司老板的千金联姻。”未及我开口，男友突然闯进来，一把抢过支票撕得粉碎：“我就要娶她，今天就娶。”然后拉着我就走并偷偷的对我说：“户口本我拿了，我们去登记。”身后他爸爸的咒骂声越来越远...从民政局出来，我说：“感觉像是做梦呢。”他说：“老婆，刺激吧，那个豪宅我只租了一天，那老头是我请的演员。”,http://www.budejie.com/detail-24930833.html
"我接电话。
我：喂，啊？是女神你啊！
女神：我今天在家做饭，做了很多，吃不完，你要不要来？
我：好啊！不过，为什么偏偏请我啊？
女神：呵呵，吃不完就得喂狗啊！
我：.....",http://www.budejie.com/detail-26830115.html
陌生人，你有没有这样的经历，出门手机忘带，在外面着急得打转，一天不是个滋味，回到家赶忙打开手机，发现基本上都是群消息，没有一个是单独的消息，未接来电也没有一个。可能消失了也没有人会那么去在意吧，除开你的爸妈。 陌生人，如果你刷到这条段子，给彼此一个问候好吗？这一刻，我们互相认识。,http://www.budejie.com/detail-26830674.html
听见了门开的动静，听见电话的声音，然后又听见了门关的声音...我冲出卧室，发现没人...不一会，老公进了家门，我淡定的问道：“刚才进家门的是你吧！干什么去了...”老公无奈的说道：“莫明其妙接到个电话，说我有快递到了，我下楼取，找半天才找到，结果根本不是我的...”听完老公话，我擦了擦额头的汗，说道：“原来是送错快递了呀！”,http://www.budejie.com/detail-26829425.html
老公吃了几口我做的饭，生气的说道：“我不是说过红烧肉我不吃甜的，鱼我只吃清蒸，西红柿炒鸡蛋酸我不吃，米饭要硬一点，你这饭都怎么做的...”我淡定的说道：“你不是说你加班不回家吃饭了吗？”,http://www.budejie.com/detail-26779053.html
"“老公，我闯祸了……”
“怎么了？你不是在饭店吃饭吗？”
“那个，我不小心把老板养的宠物弄死了，老板让赔，你给我卡上打点款，我卡上钱不够了……”
“什么？你怎么那么不小心？对了，什么宠物啊，你卡上五千块钱还不够？”
“我吃饭时，落碗里八只苍蝇，淹死了，老板说是他养的宠物，每只一千元……”",http://www.budejie.com/detail-26819261.html
"被不喜欢的人追是一种什么感觉？
就好像你饥肠辘辘地等到了外卖，却发现送错了餐。它躺在餐盒里热气腾腾地看着你，你却心心念念想着自己点的菜，只好抱歉笑笑：“不好意思喔，我不饿。”",http://www.budejie.com/detail-26805851.html
很多人很爱劝你：被看又不会少一块肉、被讨厌又不会少一块肉、帮一下又不会少一块肉……之类的，这些我都知道，我比较想知道的是，到底要做什么，才会少一块肉呢？,http://www.budejie.com/detail-26824685.html
妹子：医生，我喉咙很疼，请给我检查一下吧。医生：好的，你张开嘴说“啊”。妹子：啊...医生：不行，看不清，再来一次，你再张开嘴。妹子：啊···医生：还是不行，这位病人，你只“啊”就行了...不要每次我一伸进去，你就舔...,http://www.budejie.com/detail-25143685.html
木头就是木头！谈了两个月了，连手都没碰过。昨晚上去看电影，他就真是认真的在那看，然后我趁着黑暗，壮了壮胆主动把手伸过去牵了他的手，谁知道他丫的竟然温柔的把我的手牵起来……放到了爆米花桶里！！！,http://www.budejie.com/detail-15853148.html
本来想去超市买包烟，再加个泡面，没想到收银员是前女友，于是我转身就买了一包卫生巾，高傲地付款走人了。现在想想，白花我十几块。,http://www.budejie.com/detail-26820573.html
男人抱着女人睡觉这种事吧：对女人来说~浪漫，温馨，有安全感，会睡的很香！对男人来说~脸上全是头发，鼻子还被迫闻洗发水味道，一只手臂压麻还不能挪，最难受的是~还得注意丁丁的摆放位置！,http://www.budejie.com/detail-24723810.html
昨晚跑滴滴顺风车接了一单小情侣回学校，差不多10:40了，听他们的意思11:00的门禁。我听到男生说“估计来不及了，要不今天外边住吧”，女生害羞的嗯了一声。我顿时倦意全无猛抬头“你们放心，哥的车350马力绝对来的及”，然后一顿操作猛于虎，准时把他们送到了学校.....,http://www.budejie.com/detail-26823288.html
晚上外出回来，我忘记带大门钥匙，就喊住五楼的媳妇丢钥匙下来，媳妇伸出头，我喊:把钥匙绑在什么容易发现的东西一起丢下来吧，天黑容易找。一会儿媳妇再次探出头喊:看好了，我绑了个诺基亚，找不到打电话。。。,http://www.budejie.com/detail-22096243.html
幼师一枚，这几天好多小朋友都生病了，好几个小朋友跑过来围着我说“老师，这是我的感冒药；老师，这是我治咳嗽的药……”我蹲下挨个抱着摸了摸额头，然后一个小朋友蹬蹬蹬跑过来，仰头看着我说“老师，我明天就咳嗽了……”然后一脸期待看着我……哭笑不得，好吧！来抱抱……这下不得了了，都跑过来叽叽喳喳“老师，我小时候发烧还打针了，可疼了……老师我礼拜天就感冒了……老师，我昨天感冒了，还没好呢……”好！都抱抱……,http://www.budejie.com/detail-26786961.html
每天和女友一起坐地铁下班，不知何时开始，地铁口总有个帅哥倚在跑车上对她眉目传情，女友先是无视，但帅哥和跑车每天准时出现，渐渐她脸上写满期待，对我越来越冷淡。直到那天，帅哥捧着红玫瑰问她：“离开他好吗？”“当然”她很兴奋。他转向我：“她不爱你了，做我男朋友吧！”我接过了花束…,http://www.budejie.com/detail-25348413.html
"女神自行车坏了，拜托我送她回家。由于第一次与女神如此近距离接触，因此一路上我特别的紧张，就这样跌跌撞撞总算是把女神送到了家门口。女神下了车，一脸不可思议地看着我:""你是怎么做到的，我家可是在15楼啊...""",http://www.budejie.com/detail-25955041.html
"这个冬天越来越冷，我问爸爸：“咱家什么时候能买空调呀？”
爸爸窘迫地皱了皱眉：“明天就买！”
第二天，爸爸抱了一台生锈的二手空调主机回家，对我们说：“冷的话，就举一下这个空调，多举几次身子就暖和了。”",http://www.budejie.com/detail-26942447.html
"刚才接一陌生电话“喂，你好!”
“我是保险公司的，请问您在开车吗？”
“我不开，司机开。”
“您去哪？”
“在去上海的路上。”
“您的车有保险吗？”
“应该有吧，我没问过，回头我问问。”
“您坐的车值多少钱呀？”
“没问过，估计有几个亿吧。”
“大哥，您啥车呀？”
“高铁！”
啪的一声，电话挂了??
脾气还挺大，我说错了吗？??",http://www.budejie.com/detail-18684292.html
"“我喜欢你，做我女朋友可以吗？”
电话的那头没有反应，男生沉不住气了，小心翼翼地问着，“你在干嘛呀？”
“我在点头。”",http://www.budejie.com/detail-26945829.html
男神喜欢笛子，为了接近男神，研究了各种资料，终于把音符弄明白了。于是找到男神跟他说想买笛子，让他帮忙参考！男神欣然同意。到了乐器店，为了装逼，挑了一根最长的笛子，有模有样得拿起来试试，结果尴尬了，手不够长，笛子最后那个孔儿按不到，按不到,http://www.budejie.com/detail-26948506.html
去一个摊子上贴膜。把手机给老板以后，问了说十块钱。想着把钱准备好吧，然后就掏手机想用支付宝付款，搜了包摸了口袋急得火冒三丈的自言自语的说:我手机呢？然后一抬头看到老板一边贴膜一边用一种关爱智障的复杂眼神看着我。,http://www.budejie.com/detail-26935902.html
打出租车，正等红灯呢，一大娘冲了出来撞在车上...这一下就说不明白了，这把司机大哥急的，非拉着我帮他证明！这一来二去的，我们就认识了，现在我们订婚了，我好害怕我和未来的婆婆处不好关系，毕竟我当初还指证过她碰瓷...,http://www.budejie.com/detail-26911725.html
老公参加化妆舞会，我偷摸也去了，我一直跟着他，准备找时机勾引他，看看他的定力，结果我多喝了几杯，反到被他勾引了...就这样，我们进了酒店房间，事后...他淡定的摘下了我的面具，说道：“宝贝，让我看看你谁？”我也淡定的摘下他的面具，大声骂道：“卧槽，你是谁...”,http://www.budejie.com/detail-26940553.html
我和女同事买了同款的项链。今天，她戴着来上班，男同事纷纷称赞她的项链漂亮。我就觉得纳闷了，特么的我都戴两星期了，也没人发现啊！后来，还是一个要好的同事道破天机 : 你没胸，谁会盯着你那儿看？,http://www.budejie.com/detail-26916597.html
自从纹身之后很多亲戚一看到我就开始不停的数落，什么纹身对你的工作影响很大，现在纹身找不到女朋友。那你说我什么时候纹，60岁退休以后？纹个花臂去早市买菜，年轻人把我的背影拍下发在QQ空间再配上文字：他曾经是个王者，后来做了伙夫？,http://www.budejie.com/detail-26935899.html
妹妹身高只有155属于娇小玲珑型的。今天买了一双十公分的高跟鞋，我好奇的问她怎么突然想起来穿高跟鞋了？她说幼小的心灵受打击了，昨天在地铁站她在前面走，后面一对身高在175以上的一对情侣，牵着手从她头顶上直接过去了，还回头对她笑……,http://www.budejie.com/detail-26935896.html
"我国大约有三亿的学生,假设平均每个学生考试考五科。每科两张卷,每年考两次,就有六十亿张卷纸,大约四十亿米,能绕地球十圈。一棵树大约能造一千五百张纸,六十亿就相当于四百万棵树，能栽满整个北京。为了低碳环保,拒绝考试是必须的。请记住：“没有买卖，就没有杀害！”",http://www.budejie.com/detail-23117419.html
银行业务员一枚。昨日去洗车，熟识的洗车店老板非常好奇地向我问到，你们银行是怎么赚钱的？我立即回答，主要是靠授信类业务，中间业务和资产类业务三大板块实现的。老板一脸疑惑，要求我通俗的解释一下。我想了想，说：就是高利贷，乱收费和拉皮条。,http://www.budejie.com/detail-26917832.html
我淡定的看着老公说道：“你说你出个差，说给我买的衣服裤子全小二号，内衣内裤跟二手似的，就连化妆品都是用过的，我真特么怀疑，你是不是把别人行李箱拎回来了...”,http://www.budejie.com/detail-26943420.html
"下班回家，电梯快关门的时候，看到一个送外卖的跑过来，我赶紧把电梯门按开，准备把外卖小哥让进来，问他：送的是麻辣烫吧？小哥一愣，把外卖拿塞我手里，说：是你点的吧，刚好不用爬楼了！我脑子有点短路，顺手就接了过来了。
提着麻辣烫，对照单子上的电话，给人家送外卖去了…",http://www.budejie.com/detail-26943486.html
媳妇睡觉喜欢靠着我，然后把腿压我身上。把我压了快喘不出气了，我下床坐在沙发抽根烟，媳妇在床上翻几次身，没找到我，扑通一声。直接从床上翻了下来，摔的够呛，我在沙发上看呆了。和媳妇对视几秒后，媳妇非得逼着我，演示一遍，她是怎么掉下来的。,http://www.budejie.com/detail-26911964.html
"记得初中时，一到冬天手就会冰凉，僵硬到写不了字！幸好有我的同桌，一位干干净净，很阳光的男孩子，每次在我的手僵硬时，不仅为我把手捂热，还会帮我写作业！
有一次作业太多了。他腾不出手，来握住我的手，他竟然…把我的手塞进了他的裤子里，让我握住，说，这里最暖和了！！！
我羞红了脸！！！整个身子都僵硬了，鬼使神差的就握了一堂课！！！现在想来，当时的手感，其实没有，，，，，我的大！",http://www.budejie.com/detail-26803877.html
"小姨子想当单亲妈妈，准备花两万块做人工受精。丈母娘打电话过来，让我跟媳妇回去劝劝。
一家人围着桌子吃饭，没人说话，场面有点尴尬。
儿子冷不丁的来了句：“小姨，让我爸帮你吧，还省钱。”
我默默的给儿子夹了个鸡腿。。。",http://www.budejie.com/detail-26875984.html
"我大声质问老婆：“你为什么要瞒着我和别人偷情？”
她解释道：“瞒着你还不是为了不让你伤心难过。”
你看！！！面对如此善解人意的妻子，又怎能不让我对她心生怜爱呢？",http://www.budejie.com/detail-26940741.html
我怀疑老公有外遇了。昨天他做梦还喊女孩子的名字，还叫个外国名字，什么安琪拉，一听就是个狐狸精！老公让她去中路，可是我们这没有中路啊，问了好多姐妹也没听说过，看来我是被绿了。。。我要报复！！！！,http://www.budejie.com/detail-26908352.html
